2022-2023,Academic year,Regional,E92000001,England,E12000006,East of England,Secondary,396
2022-2023,Academic year,Regional,E92000001,England,E12000008,South East,Total maintained,3368
2022-2023,Academic year,Regional,E92000001,England,E12000008,South East,Special,208
2022-2023,Academic year,Regional,E92000001,England,E12000008,South East,Total,3916
2022-2023,Academic year,Regional,E92000001,England,E12000009,South West,Non-maintained mainstream,225
2022-2023,Academic year,Regional,E92000001,England,E12000009,South West,Nursery,18
2022-2023,Academic year,Regional,E92000001,England,E12000009,South West,Primary,1887
2022-2023,Academic year,Regional,E92000001,England,E12000009,South West,Secondary,339
2022-2023,Academic year,Regional,E92000001,England,E12000009,South West,Special,124
2022-2023,Academic year,Regional,E92000001,England,E12000009,South West,Total,2593
2022-2023,Academic year,Regional,E92000001,England,E12000003,Yorkshire and The Humber,Primary,1772
2022-2023,Academic year,Regional,E92000001,England,E12000003,Yorkshire and The Humber,Nursery,27
2022-2023,Academic year,Regional,E92000001,England,E12000003,Yorkshire and The Humber,Non-maintained mainstream,145
2022-2023,Academic year,Regional,E92000001,England,E12000002,North West,Total,3491
2022-2023,Academic year,Regional,E92000001,England,E12000002,North West,Special,210
2022-2023,Academic year,Regional,E92000001,England,E12000002,North West,Secondary,468
2022-2023,Academic year,Regional,E92000001,England,E12000002,North West,Primary,2446
2022-2023,Academic year,Regional,E92000001,England,E12000002,North West,Nursery,64
2022-2023,Academic year,Regional,E92000001,England,E12000002,North West,Non-maintained mainstream,303
2022-2023,Academic year,Regional,E92000001,England,E12000001,North East,Total,1207
2022-2023,Academic year,National,E92000001,England,E92000001,England,Total maintained,21980
2022-2023,Academic year,Regional,E92000001,England,E12000001,North East,Total maintained,1144
2022-2023,Academic year,Regional,E92000001,England,E12000002,North West,Total maintained,3188
2022-2023,Academic year,Regional,E92000001,England,E12000003,Yorkshire and The Humber,Total maintained,2243
2022-2023,Academic year,Regional,E92000001,England,E12000004,East Midlands,Total maintained,2083
2022-2023,Academic year,Regional,E92000001,England,E12000005,West Midlands,Total maintained,2418
2022-2023,Academic year,Regional,E92000001,England,E12000006,East of England,Total maintained,2571
2022-2023,Academic year,Regional,E92000001,England,E12000008,South East,Secondary,514
2022-2023,Academic year,Regional,E92000001,England,E12000008,South East,Primary,2604
2022-2023,Academic year,Regional,E92000001,England,E12000008,South East,Nursery,42
2022-2023,Academic year,Regional,E92000001,England,E12000005,West Midlands,Total,2664
2022-2023,Academic year,Regional,E92000001,England,E12000004,East Midlands,Non-maintained mainstream,168
2022-2023,Academic year,Regional,E92000001,England,E12000004,East Midlands,Nursery,32
2022-2023,Academic year,Regional,E92000001,England,E12000004,East Midlands,Primary,1653
2022-2023,Academic year,Regional,E92000001,England,E12000004,East Midlands,Secondary,293
2022-2023,Academic year,Regional,E92000001,England,E12000004,East Midlands,Special,105
2022-2023,Academic year,Regional,E92000001,England,E12000004,East Midlands,Total,2251
2022-2023,Academic year,Regional,E92000001,England,E12000005,West Midlands,Non-maintained mainstream,246
2022-2023,Academic year,Regional,E92000001,England,E12000005,West Midlands,Nursery,56
2022-2023,Academic year,Regional,E92000001,England,E12000005,West Midlands,Primary,1774
2022-2023,Academic year,Regional,E92000001,England,E12000005,West Midlands,Secondary,420
2022-2023,Academic year,Regional,E92000001,England,E12000005,West Midlands,Special,168
2022-2023,Academic year,Regional,E92000001,England,E12000006,East of England,Non-maintained mainstream,230
2022-2023,Academic year,Regional,E92000001,England,E12000008,South East,Non-maintained mainstream,548
2022-2023,Academic year,Regional,E92000001,England,E12000006,East of England,Nursery,38
2022-2023,Academic year,Regional,E92000001,England,E12000006,East of England,Primary,1989
2022-2023,Academic year,Regional,E92000001,England,E12000003,Yorkshire and The Humber,Secondary,327
2022-2023,Academic year,Regional,E92000001,England,E12000006,East of England,Special,148
2022-2023,Academic year,Regional,E92000001,England,E12000006,East of England,Total,2801
2022-2023,Academic year,Regional,E92000001,England,E12000007,London,Non-maintained mainstream,534
2022-2023,Academic year,Regional,E92000001,England,E12000007,London,Nursery,77
2022-2023,Academic year,Regional,E92000001,England,E12000007,London,Primary,1796
2022-2023,Academic year,Regional,E92000001,England,E12000007,London,Secondary,513
2022-2023,Academic year,Regional,E92000001,England,E12000007,London,Special,211
2022-2023,Academic year,Regional,E92000001,England,E12000007,London,Total,3131
2022-2023,Academic year,Regional,E92000001,England,E12000007,London,Total maintained,2597
2022-2023,Academic year,Regional,E92000001,England,E12000009,South West,Total maintained,2368
2022-2023,Academic year,Regional,E92000001,England,E12000003,Yorkshire and The Humber,Special,117
2022-2023,Academic year,National,W92000004,Wales,W92000004,Wales,Secondary,178
2022-2023,Academic year,National,S92000003,Scotland,S92000003,Scotland,Middle,0
2022-2023,Academic year,National,E92000001,England,E92000001,England,Middle,0
2022-2023,Academic year,National,N92000002,Northern Ireland,N92000002,Northern Ireland,Middle,0
2022-2023,Academic year,Regional,E92000001,England,E12000001,North East,Special,79
2022-2023,Academic year,National,E92000001,England,E92000001,England,Non-maintained mainstream,2462
2022-2023,Academic year,National,W92000004,Wales,W92000004,Wales,Middle,27
2022-2023,Academic year,National,W92000004,Wales,W92000004,Wales,Non-maintained mainstream,79
2022-2023,Academic year,National,W92000004,Wales,W92000004,Wales,Nursery,6
2022-2023,Academic year,National,W92000004,Wales,W92000004,Wales,Primary,1213
2022-2023,Academic year,National,W92000004,Wales,W92000004,Wales,Special,39
2022-2023,Academic year,National,K02000001,United Kingdom,K02000001,United Kingdom,Total maintained,29616
2022-2023,Academic year,National,W92000004,Wales,W92000004,Wales,Total,1542
2022-2023,Academic year,National,W92000004,Wales,W92000004,Wales,Total maintained,1463
2022-2023,Academic year,National,N92000002,Northern Ireland,N92000002,Northern Ireland,Non-maintained mainstream,14
2022-2023,Academic year,National,N92000002,Northern Ireland,N92000002,Northern Ireland,Nursery,93
2022-2023,Academic year,National,N92000002,Northern Ireland,N92000002,Northern Ireland,Primary,782
2022-2023,Academic year,National,N92000002,Northern Ireland,N92000002,Northern Ireland,Secondary,192
2022-2023,Academic year,National,N92000002,Northern Ireland,N92000002,Northern Ireland,Special,39
2022-2023,Academic year,National,N92000002,Northern Ireland,N92000002,Northern Ireland,Total,1121
2022-2023,Academic year,National,N92000002,Northern Ireland,N92000002,Northern Ireland,Total maintained,1106
2022-2023,Academic year,National,S92000003,Scotland,S92000003,Scotland,Non-maintained mainstream,0
2022-2023,Academic year,National,E92000001,England,E92000001,England,Nursery,383
2022-2023,Academic year,National,K02000001,United Kingdom,K02000001,United Kingdom,Total,32172
2022-2023,Academic year,National,S92000003,Scotland,S92000003,Scotland,Total maintained,5067
2022-2023,Academic year,Regional,E92000001,England,E12000001,North East,Secondary,174
2022-2023,Academic year,Regional,E92000001,England,E12000001,North East,Primary,862
2022-2023,Academic year,Regional,E92000001,England,E12000001,North East,Nursery,29
2022-2023,Academic year,Regional,E92000001,England,E12000001,North East,Non-maintained mainstream,63
2022-2023,Academic year,National,E92000001,England,E92000001,England,Total,24442
2022-2023,Academic year,National,S92000003,Scotland,S92000003,Scotland,Nursery,2606
2022-2023,Academic year,National,S92000003,Scotland,S92000003,Scotland,Primary,1994
2022-2023,Academic year,National,K02000001,United Kingdom,K02000001,United Kingdom,Special,1557
2022-2023,Academic year,National,S92000003,Scotland,S92000003,Scotland,Special,109
2022-2023,Academic year,National,S92000003,Scotland,S92000003,Scotland,Total,5067
2022-2023,Academic year,National,S92000003,Scotland,S92000003,Scotland,Secondary,358
2022-2023,Academic year,National,E92000001,England,E92000001,England,Special,1370
2022-2023,Academic year,National,E92000001,England,E92000001,England,Secondary,3444
2022-2023,Academic year,National,K02000001,United Kingdom,K02000001,United Kingdom,Secondary,4172
2022-2023,Academic year,National,K02000001,United Kingdom,K02000001,United Kingdom,Primary,20772
2022-2023,Academic year,National,K02000001,United Kingdom,K02000001,United Kingdom,Nursery,3088
2022-2023,Academic year,National,K02000001,United Kingdom,K02000001,United Kingdom,Non-maintained mainstream,2555
2022-2023,Academic year,Regional,E92000001,England,E12000003,Yorkshire and The Humber,Total,2388
2022-2023,Academic year,National,K02000001,United Kingdom,K02000001,United Kingdom,Middle,27
2022-2023,Academic year,National,E92000001,England,E92000001,England,Primary,16783
2021-2022,Academic year,Regional,E92000001,England,E12000006,East of England,Total,2792
2021-2022,Academic year,Regional,E92000001,England,E12000007,London,Non-maintained mainstream,542
2021-2022,Academic year,Regional,E92000001,England,E12000006,East of England,Special,144
2021-2022,Academic year,Regional,E92000001,England,E12000007,London,Primary,1798
2021-2022,Academic year,Regional,E92000001,England,E12000006,East of England,Nursery,38
2021-2022,Academic year,Regional,E92000001,England,E12000006,East of England,Non-maintained mainstream,224
2021-2022,Academic year,Regional,E92000001,England,E12000005,West Midlands,Total,2663
2021-2022,Academic year,Regional,E92000001,England,E12000006,East of England,Secondary,395
2021-2022,Academic year,Regional,E92000001,England,E12000006,East of England,Primary,1991
2021-2022,Academic year,Regional,E92000001,England,E12000007,London,Nursery,78
2021-2022,Academic year,Regional,E92000001,England,E12000005,West Midlands,Nursery,56
2021-2022,Academic year,Regional,E92000001,England,E12000005,West Midlands,Special,165
2021-2022,Academic year,Regional,E92000001,England,E12000002,North West,Total,3484
2021-2022,Academic year,National,E92000001,England,E92000001,England,Primary,16786
2021-2022,Academic year,National,E92000001,England,E92000001,England,Secondary,3473
2021-2022,Academic year,National,E92000001,England,E92000001,England,Special,1360
2021-2022,Academic year,Regional,E92000001,England,E12000001,North East,Non-maintained mainstream,60
2021-2022,Academic year,Regional,E92000001,England,E12000001,North East,Nursery,30
2021-2022,Academic year,Regional,E92000001,England,E12000001,North East,Primary,863
2021-2022,Academic year,Regional,E92000001,England,E12000001,North East,Secondary,176
2021-2022,Academic year,Regional,E92000001,England,E12000001,North East,Special,78
2021-2022,Academic year,Regional,E92000001,England,E12000001,North East,Total,1207
2021-2022,Academic year,Regional,E92000001,England,E12000002,North West,Non-maintained mainstream,290
2021-2022,Academic year,Regional,E92000001,England,E12000002,North West,Nursery,64
2021-2022,Academic year,Regional,E92000001,England,E12000002,North West,Primary,2448
2021-2022,Academic year,Regional,E92000001,England,E12000002,North West,Secondary,471
2021-2022,Academic year,Regional,E92000001,England,E12000002,North West,Special,211
2021-2022,Academic year,Regional,E92000001,England,E12000003,Yorkshire and The Humber,Non-maintained mainstream,154
2021-2022,Academic year,Regional,E92000001,England,E12000005,West Midlands,Secondary,425
2021-2022,Academic year,Regional,E92000001,England,E12000003,Yorkshire and The Humber,Nursery,27
2021-2022,Academic year,Regional,E92000001,England,E12000003,Yorkshire and The Humber,Primary,1774
2021-2022,Academic year,Regional,E92000001,England,E12000003,Yorkshire and The Humber,Secondary,332
2021-2022,Academic year,Regional,E92000001,England,E12000003,Yorkshire and The Humber,Special,114
2021-2022,Academic year,Regional,E92000001,England,E12000003,Yorkshire and The Humber,Total,2401
2021-2022,Academic year,Regional,E92000001,England,E12000004,East Midlands,Non-maintained mainstream,170
2021-2022,Academic year,Regional,E92000001,England,E12000004,East Midlands,Nursery,32
2021-2022,Academic year,Regional,E92000001,England,E12000004,East Midlands,Primary,1648
2021-2022,Academic year,Regional,E92000001,England,E12000004,East Midlands,Secondary,295
2021-2022,Academic year,Regional,E92000001,England,E12000004,East Midlands,Special,106
2021-2022,Academic year,Regional,E92000001,England,E12000004,East Midlands,Total,2251
2021-2022,Academic year,Regional,E92000001,England,E12000005,West Midlands,Non-maintained mainstream,245
2021-2022,Academic year,Regional,E92000001,England,E12000007,London,Special,213
2021-2022,Academic year,Regional,E92000001,England,E12000005,West Midlands,Primary,1772
2021-2022,Academic year,Regional,E92000001,England,E12000007,London,Secondary,518
2021-2022,Academic year,Regional,E92000001,England,E12000008,South East,Special,207
2021-2022,Academic year,Regional,E92000001,England,E12000007,London,Total,3149
2021-2022,Academic year,National,S92000003,Scotland,S92000003,Scotland,Nursery,2630
2021-2022,Academic year,National,S92000003,Scotland,S92000003,Scotland,Secondary,357
2021-2022,Academic year,National,S92000003,Scotland,S92000003,Scotland,Special,111
2021-2022,Academic year,National,S92000003,Scotland,S92000003,Scotland,Total,5099
2021-2022,Academic year,National,S92000003,Scotland,S92000003,Scotland,Total maintained,5099
2021-2022,Academic year,National,W92000004,Wales,W92000004,Wales,Middle,23
2021-2022,Academic year,National,W92000004,Wales,W92000004,Wales,Non-maintained mainstream,79
2021-2022,Academic year,National,W92000004,Wales,W92000004,Wales,Nursery,8
2021-2022,Academic year,National,W92000004,Wales,W92000004,Wales,Primary,1217
2021-2022,Academic year,National,W92000004,Wales,W92000004,Wales,Secondary,182
2021-2022,Academic year,National,W92000004,Wales,W92000004,Wales,Special,40
2021-2022,Academic year,National,W92000004,Wales,W92000004,Wales,Total,1549
2021-2022,Academic year,National,W92000004,Wales,W92000004,Wales,Total maintained,1470
2021-2022,Academic year,National,N92000002,Northern Ireland,N92000002,Northern Ireland,Non-maintained mainstream,14
2021-2022,Academic year,National,N92000002,Northern Ireland,N92000002,Northern Ireland,Nursery,94
2021-2022,Academic year,National,N92000002,Northern Ireland,N92000002,Northern Ireland,Primary,784
2021-2022,Academic year,National,N92000002,Northern Ireland,N92000002,Northern Ireland,Secondary,192
2021-2022,Academic year,National,N92000002,Northern Ireland,N92000002,Northern Ireland,Special,39
2021-2022,Academic year,National,N92000002,Northern Ireland,N92000002,Northern Ireland,Total,1124
2021-2022,Academic year,National,N92000002,Northern Ireland,N92000002,Northern Ireland,Total maintained,1109
2021-2022,Academic year,National,S92000003,Scotland,S92000003,Scotland,Primary,2001
2021-2022,Academic year,Regional,E92000001,England,E12000009,South West,Total maintained,2372
2021-2022,Academic year,Regional,E92000001,England,E12000008,South East,Non-maintained mainstream,544
2021-2022,Academic year,Regional,E92000001,England,E12000008,South East,Total maintained,3370
2021-2022,Academic year,Regional,E92000001,England,E12000008,South East,Nursery,42
2021-2022,Academic year,Regional,E92000001,England,E12000008,South East,Primary,2604
2021-2022,Academic year,Regional,E92000001,England,E12000008,South East,Secondary,517
2021-2022,Academic year,Regional,E92000001,England,E12000008,South East,Total,3914
2021-2022,Academic year,Regional,E92000001,England,E12000009,South West,Non-maintained mainstream,221
2021-2022,Academic year,Regional,E92000001,England,E12000009,South West,Nursery,18
2021-2022,Academic year,Regional,E92000001,England,E12000009,South West,Primary,1888
2021-2022,Academic year,Regional,E92000001,England,E12000009,South West,Secondary,344
2021-2022,Academic year,Regional,E92000001,England,E12000009,South West,Special,122
2021-2022,Academic year,Regional,E92000001,England,E12000009,South West,Total,2593
2021-2022,Academic year,National,E92000001,England,E92000001,England,Non-maintained mainstream,2450
2021-2022,Academic year,National,E92000001,England,E92000001,England,Total maintained,22004
2021-2022,Academic year,Regional,E92000001,England,E12000001,North East,Total maintained,1147
2021-2022,Academic year,Regional,E92000001,England,E12000002,North West,Total maintained,3194
2021-2022,Academic year,Regional,E92000001,England,E12000003,Yorkshire and The Humber,Total maintained,2247
2021-2022,Academic year,Regional,E92000001,England,E12000004,East Midlands,Total maintained,2081
2021-2022,Academic year,Regional,E92000001,England,E12000005,West Midlands,Total maintained,2418
2021-2022,Academic year,Regional,E92000001,England,E12000006,East of England,Total maintained,2568
2021-2022,Academic year,Regional,E92000001,England,E12000007,London,Total maintained,2607
2021-2022,Academic year,National,E92000001,England,E92000001,England,Nursery,385
2021-2022,Academic year,National,E92000001,England,E92000001,England,Total,24454
2021-2022,Academic year,National,S92000003,Scotland,S92000003,Scotland,Middle,0
2021-2022,Academic year,National,K02000001,United Kingdom,K02000001,United Kingdom,Secondary,4204
2021-2022,Academic year,National,K02000001,United Kingdom,K02000001,United Kingdom,Total,32226
2021-2022,Academic year,National,K02000001,United Kingdom,K02000001,United Kingdom,Total maintained,29682
2021-2022,Academic year,National,S92000003,Scotland,S92000003,Scotland,Non-maintained mainstream,0
2021-2022,Academic year,National,E92000001,England,E92000001,England,Middle,0
2021-2022,Academic year,National,N92000002,Northern Ireland,N92000002,Northern Ireland,Middle,0
2021-2022,Academic year,National,K02000001,United Kingdom,K02000001,United Kingdom,Middle,23
2021-2022,Academic year,National,K02000001,United Kingdom,K02000001,United Kingdom,Non-maintained mainstream,2543
2021-2022,Academic year,National,K02000001,United Kingdom,K02000001,United Kingdom,Primary,20788
2021-2022,Academic year,National,K02000001,United Kingdom,K02000001,United Kingdom,Nursery,3117
2021-2022,Academic year,National,K02000001,United Kingdom,K02000001,United Kingdom,Special,1550
2020-2021,Academic year,Regional,E92000001,England,E12000005,West Midlands,Primary,1771
2020-2021,Academic year,Regional,E92000001,England,E12000007,London,Non-maintained mainstream,545
2020-2021,Academic year,Regional,E92000001,England,E12000006,East of England,Total,2791
2020-2021,Academic year,Regional,E92000001,England,E12000006,East of England,Special,140
2020-2021,Academic year,National,N92000002,Northern Ireland,N92000002,Northern Ireland,Non-maintained mainstream,15
2020-2021,Academic year,Regional,E92000001,England,E12000006,East of England,Secondary,394
2020-2021,Academic year,Regional,E92000001,England,E12000006,East of England,Primary,1992
2020-2021,Academic year,Regional,E92000001,England,E12000004,East Midlands,Non-maintained mainstream,164
2020-2021,Academic year,Regional,E92000001,England,E12000004,East Midlands,Nursery,32
2020-2021,Academic year,Regional,E92000001,England,E12000004,East Midlands,Primary,1644
2020-2021,Academic year,Regional,E92000001,England,E12000005,West Midlands,Secondary,420
2020-2021,Academic year,Regional,E92000001,England,E12000004,East Midlands,Special,106
2020-2021,Academic year,Regional,E92000001,England,E12000004,East Midlands,Total,2239
2020-2021,Academic year,Regional,E92000001,England,E12000005,West Midlands,Non-maintained mainstream,232
2020-2021,Academic year,Regional,E92000001,England,E12000006,East of England,Nursery,38
2020-2021,Academic year,Regional,E92000001,England,E12000006,East of England,Non-maintained mainstream,227
2020-2021,Academic year,Regional,E92000001,England,E12000003,Yorkshire and The Humber,Special,115
2020-2021,Academic year,Regional,E92000001,England,E12000005,West Midlands,Total,2644
2020-2021,Academic year,Regional,E92000001,England,E12000005,West Midlands,Special,165
2020-2021,Academic year,Regional,E92000001,England,E12000005,West Midlands,Nursery,56
2020-2021,Academic year,Regional,E92000001,England,E12000004,East Midlands,Secondary,293
2020-2021,Academic year,Regional,E92000001,England,E12000003,Yorkshire and The Humber,Total,2403
2020-2021,Academic year,Regional,E92000001,England,E12000003,Yorkshire and The Humber,Secondary,329
2020-2021,Academic year,Regional,E92000001,England,E12000007,London,Primary,1809
2020-2021,Academic year,National,E92000001,England,E92000001,England,Primary,16791
2020-2021,Academic year,National,E92000001,England,E92000001,England,Secondary,3458
2020-2021,Academic year,National,E92000001,England,E92000001,England,Special,1353
2020-2021,Academic year,National,E92000001,England,E92000001,England,Total,24413
2020-2021,Academic year,Regional,E92000001,England,E12000001,North East,Non-maintained mainstream,58
2020-2021,Academic year,Regional,E92000001,England,E12000001,North East,Nursery,31
2020-2021,Academic year,Regional,E92000001,England,E12000001,North East,Primary,859
2020-2021,Academic year,Regional,E92000001,England,E12000001,North East,Secondary,174
2020-2021,Academic year,Regional,E92000001,England,E12000001,North East,Special,79
2020-2021,Academic year,Regional,E92000001,England,E12000001,North East,Total,1201
2020-2021,Academic year,Regional,E92000001,England,E12000002,North West,Non-maintained mainstream,287
2020-2021,Academic year,Regional,E92000001,England,E12000002,North West,Nursery,65
2020-2021,Academic year,Regional,E92000001,England,E12000002,North West,Primary,2450
2020-2021,Academic year,Regional,E92000001,England,E12000002,North West,Secondary,470
2020-2021,Academic year,Regional,E92000001,England,E12000002,North West,Special,211
2020-2021,Academic year,Regional,E92000001,England,E12000002,North West,Total,3483
2020-2021,Academic year,Regional,E92000001,England,E12000003,Yorkshire and The Humber,Non-maintained mainstream,155
2020-2021,Academic year,Regional,E92000001,England,E12000003,Yorkshire and The Humber,Nursery,27
2020-2021,Academic year,Regional,E92000001,England,E12000003,Yorkshire and The Humber,Primary,1777
2020-2021,Academic year,Regional,E92000001,England,E12000007,London,Nursery,79
2020-2021,Academic year,Regional,E92000001,England,E12000008,South East,Secondary,516
2020-2021,Academic year,Regional,E92000001,England,E12000007,London,Secondary,520
2020-2021,Academic year,Regional,E92000001,England,E12000007,London,Special,209
2020-2021,Academic year,National,S92000003,Scotland,S92000003,Scotland,Non-maintained mainstream,0
2020-2021,Academic year,National,S92000003,Scotland,S92000003,Scotland,Middle,0
2020-2021,Academic year,National,E92000001,England,E92000001,England,Middle,0
2020-2021,Academic year,National,N92000002,Northern Ireland,N92000002,Northern Ireland,Middle,0
2020-2021,Academic year,Regional,E92000001,England,E12000009,South West,Total maintained,2370
2020-2021,Academic year,Regional,E92000001,England,E12000008,South East,Total maintained,3365
2020-2021,Academic year,Regional,E92000001,England,E12000007,London,Total maintained,2617
2020-2021,Academic year,Regional,E92000001,England,E12000006,East of England,Total maintained,2564
2020-2021,Academic year,Regional,E92000001,England,E12000005,West Midlands,Total maintained,2412
2020-2021,Academic year,Regional,E92000001,England,E12000004,East Midlands,Total maintained,2075
2020-2021,Academic year,Regional,E92000001,England,E12000003,Yorkshire and The Humber,Total maintained,2248
2020-2021,Academic year,Regional,E92000001,England,E12000002,North West,Total maintained,3196
2020-2021,Academic year,Regional,E92000001,England,E12000001,North East,Total maintained,1143
2020-2021,Academic year,National,E92000001,England,E92000001,England,Total maintained,21990
2020-2021,Academic year,National,N92000002,Northern Ireland,N92000002,Northern Ireland,Total maintained,1118
2020-2021,Academic year,National,N92000002,Northern Ireland,N92000002,Northern Ireland,Total,1134
2020-2021,Academic year,National,N92000002,Northern Ireland,N92000002,Northern Ireland,Special,39
2020-2021,Academic year,National,N92000002,Northern Ireland,N92000002,Northern Ireland,Secondary,193
2020-2021,Academic year,National,N92000002,Northern Ireland,N92000002,Northern Ireland,Primary,791
2020-2021,Academic year,National,W92000004,Wales,W92000004,Wales,Total maintained,1473
2020-2021,Academic year,National,W92000004,Wales,W92000004,Wales,Total,1553
2020-2021,Academic year,National,W92000004,Wales,W92000004,Wales,Special,40
2020-2021,Academic year,Regional,E92000001,England,E12000009,South West,Nursery,18
2020-2021,Academic year,Regional,E92000001,England,E12000007,London,Total,3162
2020-2021,Academic year,Regional,E92000001,England,E12000008,South East,Non-maintained mainstream,538
2020-2021,Academic year,Regional,E92000001,England,E12000008,South East,Nursery,42
2020-2021,Academic year,Regional,E92000001,England,E12000008,South East,Primary,2603
2020-2021,Academic year,National,E92000001,England,E92000001,England,Non-maintained mainstream,2423
2020-2021,Academic year,Regional,E92000001,England,E12000008,South East,Special,204
2020-2021,Academic year,Regional,E92000001,England,E12000008,South East,Total,3903
2020-2021,Academic year,Regional,E92000001,England,E12000009,South West,Non-maintained mainstream,217
2020-2021,Academic year,Regional,E92000001,England,E12000009,South West,Primary,1886
2020-2021,Academic year,National,W92000004,Wales,W92000004,Wales,Secondary,182
2020-2021,Academic year,Regional,E92000001,England,E12000009,South West,Secondary,342
2020-2021,Academic year,Regional,E92000001,England,E12000009,South West,Special,124
2020-2021,Academic year,Regional,E92000001,England,E12000009,South West,Total,2587
2020-2021,Academic year,National,W92000004,Wales,W92000004,Wales,Middle,23
2020-2021,Academic year,National,W92000004,Wales,W92000004,Wales,Non-maintained mainstream,80
2020-2021,Academic year,National,W92000004,Wales,W92000004,Wales,Nursery,9
2020-2021,Academic year,National,W92000004,Wales,W92000004,Wales,Primary,1219
2020-2021,Academic year,National,K02000001,United Kingdom,K02000001,United Kingdom,Middle,23
2020-2021,Academic year,National,E92000001,England,E92000001,England,Nursery,388
2020-2021,Academic year,National,N92000002,Northern Ireland,N92000002,Northern Ireland,Nursery,95
2020-2021,Academic year,National,S92000003,Scotland,S92000003,Scotland,Secondary,357
2020-2021,Academic year,National,S92000003,Scotland,S92000003,Scotland,Total,5063
2020-2021,Academic year,National,K02000001,United Kingdom,K02000001,United Kingdom,Total maintained,29644
2020-2021,Academic year,National,K02000001,United Kingdom,K02000001,United Kingdom,Total,32163
2020-2021,Academic year,National,K02000001,United Kingdom,K02000001,United Kingdom,Special,1546
2020-2021,Academic year,National,K02000001,United Kingdom,K02000001,United Kingdom,Secondary,4190
2020-2021,Academic year,National,K02000001,United Kingdom,K02000001,United Kingdom,Primary,20806
2020-2021,Academic year,National,K02000001,United Kingdom,K02000001,United Kingdom,Nursery,3079
2020-2021,Academic year,National,K02000001,United Kingdom,K02000001,United Kingdom,Non-maintained mainstream,2518
2020-2021,Academic year,National,S92000003,Scotland,S92000003,Scotland,Nursery,2587
2020-2021,Academic year,National,S92000003,Scotland,S92000003,Scotland,Primary,2005
2020-2021,Academic year,National,S92000003,Scotland,S92000003,Scotland,Total maintained,5063
2020-2021,Academic year,National,S92000003,Scotland,S92000003,Scotland,Special,114
2019-2020,Academic year,National,W92000004,Wales,W92000004,Wales,Secondary,183
2019-2020,Academic year,National,W92000004,Wales,W92000004,Wales,Special,41
2019-2020,Academic year,National,S92000003,Scotland,S92000003,Scotland,Non-maintained mainstream,0
2019-2020,Academic year,Regional,E92000001,England,E12000009,South West,Primary,1882
2019-2020,Academic year,National,E92000001,England,E92000001,England,Non-maintained mainstream,2389
2019-2020,Academic year,Regional,E92000001,England,E12000009,South West,Secondary,345
2019-2020,Academic year,National,S92000003,Scotland,S92000003,Scotland,Total,5052
2019-2020,Academic year,National,S92000003,Scotland,S92000003,Scotland,Special,114
2019-2020,Academic year,National,S92000003,Scotland,S92000003,Scotland,Secondary,358
2019-2020,Academic year,National,S92000003,Scotland,S92000003,Scotland,Primary,2004
2019-2020,Academic year,National,K02000001,United Kingdom,K02000001,United Kingdom,Special,1536
2019-2020,Academic year,National,K02000001,United Kingdom,K02000001,United Kingdom,Total,32028
2019-2020,Academic year,National,K02000001,United Kingdom,K02000001,United Kingdom,Total maintained,29624
2019-2020,Academic year,National,S92000003,Scotland,S92000003,Scotland,Nursery,2576
2019-2020,Academic year,National,W92000004,Wales,W92000004,Wales,Total,1480
2019-2020,Academic year,National,W92000004,Wales,W92000004,Wales,Primary,1225
2019-2020,Academic year,National,W92000004,Wales,W92000004,Wales,Nursery,9
2019-2020,Academic year,National,W92000004,Wales,W92000004,Wales,Non-maintained mainstream,0
2019-2020,Academic year,National,W92000004,Wales,W92000004,Wales,Middle,22
2019-2020,Academic year,National,N92000002,Northern Ireland,N92000002,Northern Ireland,Total maintained,1121
2019-2020,Academic year,National,N92000002,Northern Ireland,N92000002,Northern Ireland,Total,1136
2019-2020,Academic year,National,N92000002,Northern Ireland,N92000002,Northern Ireland,Special,39
2019-2020,Academic year,National,N92000002,Northern Ireland,N92000002,Northern Ireland,Secondary,193
2019-2020,Academic year,National,N92000002,Northern Ireland,N92000002,Northern Ireland,Primary,794
2019-2020,Academic year,National,N92000002,Northern Ireland,N92000002,Northern Ireland,Nursery,95
2019-2020,Academic year,National,N92000002,Northern Ireland,N92000002,Northern Ireland,Non-maintained mainstream,14
2019-2020,Academic year,National,K02000001,United Kingdom,K02000001,United Kingdom,Primary,20807
2019-2020,Academic year,National,K02000001,United Kingdom,K02000001,United Kingdom,Nursery,3069
2019-2020,Academic year,National,K02000001,United Kingdom,K02000001,United Kingdom,Non-maintained mainstream,2403
2019-2020,Academic year,National,K02000001,United Kingdom,K02000001,United Kingdom,Middle,22
2019-2020,Academic year,National,N92000002,Northern Ireland,N92000002,Northern Ireland,Middle,0
2019-2020,Academic year,National,E92000001,England,E92000001,England,Middle,0
2019-2020,Academic year,National,S92000003,Scotland,S92000003,Scotland,Middle,0
2019-2020,Academic year,National,K02000001,United Kingdom,K02000001,United Kingdom,Secondary,4190
2019-2020,Academic year,National,E92000001,England,E92000001,England,Total maintained,21971
2019-2020,Academic year,Regional,E92000001,England,E12000001,North East,Total maintained,1143
2019-2020,Academic year,Regional,E92000001,England,E12000002,North West,Total maintained,3196
2019-2020,Academic year,Regional,E92000001,England,E12000003,Yorkshire and The Humber,Total maintained,2246
2019-2020,Academic year,Regional,E92000001,England,E12000004,East Midlands,Total maintained,2070
2019-2020,Academic year,Regional,E92000001,England,E12000005,West Midlands,Total maintained,2415
2019-2020,Academic year,Regional,E92000001,England,E12000006,East of England,Total maintained,2561
2019-2020,Academic year,Regional,E92000001,England,E12000007,London,Total maintained,2618
2019-2020,Academic year,Regional,E92000001,England,E12000008,South East,Total maintained,3353
2019-2020,Academic year,Regional,E92000001,England,E12000009,South West,Total maintained,2369
2019-2020,Academic year,National,W92000004,Wales,W92000004,Wales,Total maintained,1480
2019-2020,Academic year,National,S92000003,Scotland,S92000003,Scotland,Total maintained,5052
2019-2020,Academic year,National,E92000001,England,E92000001,England,Nursery,389
2019-2020,Academic year,Regional,E92000001,England,E12000007,London,Non-maintained mainstream,541
2019-2020,Academic year,Regional,E92000001,England,E12000004,East Midlands,Special,105
2019-2020,Academic year,Regional,E92000001,England,E12000004,East Midlands,Total,2228
2019-2020,Academic year,Regional,E92000001,England,E12000005,West Midlands,Non-maintained mainstream,226
2019-2020,Academic year,Regional,E92000001,England,E12000005,West Midlands,Nursery,56
2019-2020,Academic year,Regional,E92000001,England,E12000005,West Midlands,Primary,1772
2019-2020,Academic year,Regional,E92000001,England,E12000005,West Midlands,Secondary,421
2019-2020,Academic year,Regional,E92000001,England,E12000005,West Midlands,Special,166
2019-2020,Academic year,Regional,E92000001,England,E12000005,West Midlands,Total,2641
2019-2020,Academic year,Regional,E92000001,England,E12000006,East of England,Non-maintained mainstream,233
2019-2020,Academic year,Regional,E92000001,England,E12000006,East of England,Nursery,38
2019-2020,Academic year,Regional,E92000001,England,E12000006,East of England,Primary,1993
2019-2020,Academic year,Regional,E92000001,England,E12000006,East of England,Secondary,392
2019-2020,Academic year,National,E92000001,England,E92000001,England,Primary,16784
2019-2020,Academic year,Regional,E92000001,England,E12000006,East of England,Total,2794
2019-2020,Academic year,Regional,E92000001,England,E12000007,London,Nursery,79
2019-2020,Academic year,Regional,E92000001,England,E12000004,East Midlands,Primary,1642
2019-2020,Academic year,Regional,E92000001,England,E12000007,London,Primary,1814
2019-2020,Academic year,Regional,E92000001,England,E12000007,London,Secondary,518
2019-2020,Academic year,Regional,E92000001,England,E12000007,London,Special,207
2019-2020,Academic year,Regional,E92000001,England,E12000007,London,Total,3159
2019-2020,Academic year,Regional,E92000001,England,E12000008,South East,Non-maintained mainstream,537
2019-2020,Academic year,Regional,E92000001,England,E12000008,South East,Nursery,42
2019-2020,Academic year,Regional,E92000001,England,E12000008,South East,Primary,2598
2019-2020,Academic year,Regional,E92000001,England,E12000008,South East,Secondary,513
2019-2020,Academic year,Regional,E92000001,England,E12000008,South East,Special,200
2019-2020,Academic year,Regional,E92000001,England,E12000008,South East,Total,3890
2019-2020,Academic year,Regional,E92000001,England,E12000009,South West,Non-maintained mainstream,221
2019-2020,Academic year,Regional,E92000001,England,E12000009,South West,Nursery,18
2019-2020,Academic year,Regional,E92000001,England,E12000009,South West,Total,2590
2019-2020,Academic year,Regional,E92000001,England,E12000009,South West,Special,124
2019-2020,Academic year,Regional,E92000001,England,E12000004,East Midlands,Secondary,291
2019-2020,Academic year,Regional,E92000001,England,E12000006,East of England,Special,138
2019-2020,Academic year,Regional,E92000001,England,E12000004,East Midlands,Nursery,32
2019-2020,Academic year,Regional,E92000001,England,E12000002,North West,Nursery,66
2019-2020,Academic year,National,E92000001,England,E92000001,England,Special,1342
2019-2020,Academic year,National,E92000001,England,E92000001,England,Total,24360
2019-2020,Academic year,Regional,E92000001,England,E12000004,East Midlands,Non-maintained mainstream,158
2019-2020,Academic year,Regional,E92000001,England,E12000001,North East,Non-maintained mainstream,53
2019-2020,Academic year,Regional,E92000001,England,E12000001,North East,Nursery,31
2019-2020,Academic year,Regional,E92000001,England,E12000001,North East,Primary,858
2019-2020,Academic year,Regional,E92000001,England,E12000001,North East,Secondary,176
2019-2020,Academic year,Regional,E92000001,England,E12000001,North East,Special,78
2019-2020,Academic year,Regional,E92000001,England,E12000001,North East,Total,1196
2019-2020,Academic year,Regional,E92000001,England,E12000002,North West,Non-maintained mainstream,272
2019-2020,Academic year,National,E92000001,England,E92000001,England,Secondary,3456
2019-2020,Academic year,Regional,E92000001,England,E12000002,North West,Primary,2449
2019-2020,Academic year,Regional,E92000001,England,E12000003,Yorkshire and The Humber,Special,114
2019-2020,Academic year,Regional,E92000001,England,E12000003,Yorkshire and The Humber,Nursery,27
2019-2020,Academic year,Regional,E92000001,England,E12000002,North West,Secondary,471
2019-2020,Academic year,Regional,E92000001,England,E12000003,Yorkshire and The Humber,Non-maintained mainstream,148
2019-2020,Academic year,Regional,E92000001,England,E12000003,Yorkshire and The Humber,Primary,1776
2019-2020,Academic year,Regional,E92000001,England,E12000003,Yorkshire and The Humber,Secondary,329
2019-2020,Academic year,Regional,E92000001,England,E12000003,Yorkshire and The Humber,Total,2394
2019-2020,Academic year,Regional,E92000001,England,E12000002,North West,Total,3468
2019-2020,Academic year,Regional,E92000001,England,E12000002,North West,Special,210
2018-2019,Academic year,National,N92000002,Northern Ireland,N92000002,Northern Ireland,Secondary,196
2018-2019,Academic year,Regional,E92000001,England,E12000002,North West,Secondary,472
2018-2019,Academic year,National,N92000002,Northern Ireland,N92000002,Northern Ireland,Primary,801
2018-2019,Academic year,National,N92000002,Northern Ireland,N92000002,Northern Ireland,Total,1146
2018-2019,Academic year,National,N92000002,Northern Ireland,N92000002,Northern Ireland,Total maintained,1131
2018-2019,Academic year,National,S92000003,Scotland,S92000003,Scotland,Total maintained,5027
2018-2019,Academic year,National,N92000002,Northern Ireland,N92000002,Northern Ireland,Special,39
2018-2019,Academic year,National,S92000003,Scotland,S92000003,Scotland,Total,5027
2018-2019,Academic year,National,W92000004,Wales,W92000004,Wales,Nursery,9
2018-2019,Academic year,National,S92000003,Scotland,S92000003,Scotland,Special,114
2018-2019,Academic year,National,S92000003,Scotland,S92000003,Scotland,Secondary,357
2018-2019,Academic year,National,S92000003,Scotland,S92000003,Scotland,Primary,2012
2018-2019,Academic year,National,S92000003,Scotland,S92000003,Scotland,Nursery,2544
2018-2019,Academic year,National,N92000002,Northern Ireland,N92000002,Northern Ireland,Non-maintained mainstream,14
2018-2019,Academic year,National,W92000004,Wales,W92000004,Wales,Total,1569
2018-2019,Academic year,National,W92000004,Wales,W92000004,Wales,Special,41
2018-2019,Academic year,National,W92000004,Wales,W92000004,Wales,Secondary,187
2018-2019,Academic year,National,W92000004,Wales,W92000004,Wales,Primary,1238
2018-2019,Academic year,National,N92000002,Northern Ireland,N92000002,Northern Ireland,Nursery,95
2018-2019,Academic year,National,S92000003,Scotland,S92000003,Scotland,Non-maintained mainstream,0
2018-2019,Academic year,National,K02000001,United Kingdom,K02000001,United Kingdom,Middle,19
2018-2019,Academic year,National,K02000001,United Kingdom,K02000001,United Kingdom,Non-maintained mainstream,2466
2018-2019,Academic year,National,W92000004,Wales,W92000004,Wales,Total maintained,1494
2018-2019,Academic year,Regional,E92000001,England,E12000009,South West,Total maintained,2359
2018-2019,Academic year,Regional,E92000001,England,E12000008,South East,Total maintained,3355
2018-2019,Academic year,Regional,E92000001,England,E12000007,London,Total maintained,2611
2018-2019,Academic year,Regional,E92000001,England,E12000006,East of England,Total maintained,2558
2018-2019,Academic year,Regional,E92000001,England,E12000005,West Midlands,Total maintained,2413
2018-2019,Academic year,Regional,E92000001,England,E12000004,East Midlands,Total maintained,2061
2018-2019,Academic year,Regional,E92000001,England,E12000003,Yorkshire and The Humber,Total maintained,2244
2018-2019,Academic year,Regional,E92000001,England,E12000002,North West,Total maintained,3195
2018-2019,Academic year,Regional,E92000001,England,E12000001,North East,Total maintained,1150
2018-2019,Academic year,National,E92000001,England,E92000001,England,Total maintained,21946
2018-2019,Academic year,National,K02000001,United Kingdom,K02000001,United Kingdom,Nursery,3039
2018-2019,Academic year,National,K02000001,United Kingdom,K02000001,United Kingdom,Primary,20820
2018-2019,Academic year,National,K02000001,United Kingdom,K02000001,United Kingdom,Secondary,4188
2018-2019,Academic year,National,K02000001,United Kingdom,K02000001,United Kingdom,Special,1532
2018-2019,Academic year,National,K02000001,United Kingdom,K02000001,United Kingdom,Total,32065
2018-2019,Academic year,National,K02000001,United Kingdom,K02000001,United Kingdom,Total maintained,29598
2018-2019,Academic year,Regional,E92000001,England,E12000002,North West,Primary,2448
2018-2019,Academic year,National,W92000004,Wales,W92000004,Wales,Middle,19
2018-2019,Academic year,National,S92000003,Scotland,S92000003,Scotland,Middle,0
2018-2019,Academic year,Regional,E92000001,England,E12000009,South West,Secondary,343
2018-2019,Academic year,Regional,E92000001,England,E12000009,South West,Nursery,18
2018-2019,Academic year,Regional,E92000001,England,E12000009,South West,Non-maintained mainstream,219
2018-2019,Academic year,Regional,E92000001,England,E12000008,South East,Total,3889
2018-2019,Academic year,Regional,E92000001,England,E12000008,South East,Special,203
2018-2019,Academic year,Regional,E92000001,England,E12000008,South East,Secondary,513
2018-2019,Academic year,Regional,E92000001,England,E12000008,South East,Primary,2597
2018-2019,Academic year,Regional,E92000001,England,E12000008,South East,Nursery,42
2018-2019,Academic year,Regional,E92000001,England,E12000008,South East,Non-maintained mainstream,534
2018-2019,Academic year,Regional,E92000001,England,E12000007,London,Total,3157
2018-2019,Academic year,Regional,E92000001,England,E12000007,London,Secondary,513
2018-2019,Academic year,Regional,E92000001,England,E12000007,London,Primary,1816
2018-2019,Academic year,Regional,E92000001,England,E12000007,London,Nursery,79
2018-2019,Academic year,Regional,E92000001,England,E12000007,London,Non-maintained mainstream,546
2018-2019,Academic year,Regional,E92000001,England,E12000006,East of England,Total,2796
2018-2019,Academic year,Regional,E92000001,England,E12000006,East of England,Special,138
2018-2019,Academic year,Regional,E92000001,England,E12000009,South West,Primary,1875
2018-2019,Academic year,National,W92000004,Wales,W92000004,Wales,Non-maintained mainstream,75
2018-2019,Academic year,Regional,E92000001,England,E12000006,East of England,Primary,1993
2018-2019,Academic year,Regional,E92000001,England,E12000009,South West,Special,123
2018-2019,Academic year,National,E92000001,England,E92000001,England,Non-maintained mainstream,2377
2018-2019,Academic year,National,E92000001,England,E92000001,England,Nursery,391
2018-2019,Academic year,National,E92000001,England,E92000001,England,Primary,16769
2018-2019,Academic year,National,E92000001,England,E92000001,England,Secondary,3448
2018-2019,Academic year,National,E92000001,England,E92000001,England,Special,1338
2018-2019,Academic year,National,E92000001,England,E92000001,England,Total,24323
2018-2019,Academic year,Regional,E92000001,England,E12000001,North East,Non-maintained mainstream,50
2018-2019,Academic year,Regional,E92000001,England,E12000001,North East,Nursery,32
2018-2019,Academic year,Regional,E92000001,England,E12000001,North East,Primary,857
2018-2019,Academic year,Regional,E92000001,England,E12000001,North East,Secondary,181
2018-2019,Academic year,Regional,E92000001,England,E12000001,North East,Special,80
2018-2019,Academic year,Regional,E92000001,England,E12000001,North East,Total,1200
2018-2019,Academic year,Regional,E92000001,England,E12000002,North West,Non-maintained mainstream,263
2018-2019,Academic year,Regional,E92000001,England,E12000002,North West,Nursery,67
2018-2019,Academic year,Regional,E92000001,England,E12000009,South West,Total,2578
2018-2019,Academic year,Regional,E92000001,England,E12000006,East of England,Secondary,389
2018-2019,Academic year,Regional,E92000001,England,E12000007,London,Special,203
2018-2019,Academic year,Regional,E92000001,England,E12000006,East of England,Nursery,38
2018-2019,Academic year,Regional,E92000001,England,E12000004,East Midlands,Secondary,292
2018-2019,Academic year,National,N92000002,Northern Ireland,N92000002,Northern Ireland,Middle,0
2018-2019,Academic year,Regional,E92000001,England,E12000002,North West,Special,208
2018-2019,Academic year,Regional,E92000001,England,E12000002,North West,Total,3458
2018-2019,Academic year,Regional,E92000001,England,E12000003,Yorkshire and The Humber,Non-maintained mainstream,144
2018-2019,Academic year,Regional,E92000001,England,E12000003,Yorkshire and The Humber,Nursery,27
2018-2019,Academic year,Regional,E92000001,England,E12000003,Yorkshire and The Humber,Primary,1776
2018-2019,Academic year,Regional,E92000001,England,E12000003,Yorkshire and The Humber,Secondary,325
2018-2019,Academic year,Regional,E92000001,England,E12000006,East of England,Non-maintained mainstream,238
2018-2019,Academic year,Regional,E92000001,England,E12000003,Yorkshire and The Humber,Total,2388
2018-2019,Academic year,Regional,E92000001,England,E12000004,East Midlands,Non-maintained mainstream,158
2018-2019,Academic year,Regional,E92000001,England,E12000004,East Midlands,Nursery,32
2018-2019,Academic year,Regional,E92000001,England,E12000004,East Midlands,Primary,1636
2018-2019,Academic year,Regional,E92000001,England,E12000003,Yorkshire and The Humber,Special,116
2018-2019,Academic year,National,E92000001,England,E92000001,England,Middle,0
2018-2019,Academic year,Regional,E92000001,England,E12000004,East Midlands,Special,101
2018-2019,Academic year,Regional,E92000001,England,E12000005,West Midlands,Secondary,420
2018-2019,Academic year,Regional,E92000001,England,E12000005,West Midlands,Primary,1771
2018-2019,Academic year,Regional,E92000001,England,E12000005,West Midlands,Nursery,56
2018-2019,Academic year,Regional,E92000001,England,E12000005,West Midlands,Non-maintained mainstream,225
2018-2019,Academic year,Regional,E92000001,England,E12000005,West Midlands,Total,2638
2018-2019,Academic year,Regional,E92000001,England,E12000004,East Midlands,Total,2219
2018-2019,Academic year,Regional,E92000001,England,E12000005,West Midlands,Special,166
2017-2018,Academic year,Regional,E92000001,England,E12000009,South West,Total,2573
2017-2018,Academic year,Regional,E92000001,England,E12000009,South West,Special,123
2017-2018,Academic year,National,W92000004,Wales,W92000004,Wales,Total maintained,1521
2017-2018,Academic year,National,W92000004,Wales,W92000004,Wales,Non-maintained mainstream,70
2017-2018,Academic year,Regional,E92000001,England,E12000009,South West,Secondary,344
2017-2018,Academic year,National,W92000004,Wales,W92000004,Wales,Total,1591
2017-2018,Academic year,Regional,E92000001,England,E12000009,South West,Primary,1873
2017-2018,Academic year,Regional,E92000001,England,E12000009,South West,Nursery,18
2017-2018,Academic year,Regional,E92000001,England,E12000009,South West,Non-maintained mainstream,215
2017-2018,Academic year,National,W92000004,Wales,W92000004,Wales,Special,41
2017-2018,Academic year,National,W92000004,Wales,W92000004,Wales,Secondary,195
2017-2018,Academic year,National,W92000004,Wales,W92000004,Wales,Primary,1261
2017-2018,Academic year,National,W92000004,Wales,W92000004,Wales,Nursery,11
2017-2018,Academic year,National,K02000001,United Kingdom,K02000001,United Kingdom,Middle,13
2017-2018,Academic year,National,W92000004,Wales,W92000004,Wales,Middle,13
2017-2018,Academic year,National,K02000001,United Kingdom,K02000001,United Kingdom,Total maintained,29642
2017-2018,Academic year,National,K02000001,United Kingdom,K02000001,United Kingdom,Non-maintained mainstream,2463
2017-2018,Academic year,National,K02000001,United Kingdom,K02000001,United Kingdom,Special,1551
2017-2018,Academic year,National,K02000001,United Kingdom,K02000001,United Kingdom,Secondary,4190
2017-2018,Academic year,Regional,E92000001,England,E12000008,South East,Total,3893
2017-2018,Academic year,National,S92000003,Scotland,S92000003,Scotland,Nursery,2532
2017-2018,Academic year,National,S92000003,Scotland,S92000003,Scotland,Primary,2019
2017-2018,Academic year,National,S92000003,Scotland,S92000003,Scotland,Secondary,360
2017-2018,Academic year,National,S92000003,Scotland,S92000003,Scotland,Special,135
2017-2018,Academic year,National,S92000003,Scotland,S92000003,Scotland,Total,5046
2017-2018,Academic year,National,S92000003,Scotland,S92000003,Scotland,Total maintained,5046
2017-2018,Academic year,National,K02000001,United Kingdom,K02000001,United Kingdom,Primary,20851
2017-2018,Academic year,National,K02000001,United Kingdom,K02000001,United Kingdom,Nursery,3037
2017-2018,Academic year,National,K02000001,United Kingdom,K02000001,United Kingdom,Total,32106
2017-2018,Academic year,Regional,E92000001,England,E12000008,South East,Special,207
2017-2018,Academic year,Regional,E92000001,England,E12000008,South East,Secondary,511
2017-2018,Academic year,Regional,E92000001,England,E12000001,North East,Non-maintained mainstream,51
2017-2018,Academic year,Regional,E92000001,England,E12000001,North East,Primary,861
2017-2018,Academic year,Regional,E92000001,England,E12000001,North East,Secondary,180
2017-2018,Academic year,Regional,E92000001,England,E12000001,North East,Special,78
2017-2018,Academic year,Regional,E92000001,England,E12000001,North East,Total,1203
2017-2018,Academic year,Regional,E92000001,England,E12000002,North West,Non-maintained mainstream,262
2017-2018,Academic year,Regional,E92000001,England,E12000002,North West,Nursery,68
2017-2018,Academic year,Regional,E92000001,England,E12000002,North West,Primary,2446
2017-2018,Academic year,Regional,E92000001,England,E12000002,North West,Secondary,469
2017-2018,Academic year,Regional,E92000001,England,E12000002,North West,Special,209
2017-2018,Academic year,Regional,E92000001,England,E12000008,South East,Primary,2597
2017-2018,Academic year,Regional,E92000001,England,E12000003,Yorkshire and The Humber,Non-maintained mainstream,148
2017-2018,Academic year,National,E92000001,England,E92000001,England,Total maintained,21937
2017-2018,Academic year,Regional,E92000001,England,E12000001,North East,Total maintained,1152
2017-2018,Academic year,Regional,E92000001,England,E12000002,North West,Total maintained,3192
2017-2018,Academic year,Regional,E92000001,England,E12000003,Yorkshire and The Humber,Total maintained,2241
2017-2018,Academic year,Regional,E92000001,England,E12000001,North East,Nursery,33
2017-2018,Academic year,National,E92000001,England,E92000001,England,Total,24316
2017-2018,Academic year,Regional,E92000001,England,E12000005,West Midlands,Total maintained,2417
2017-2018,Academic year,National,N92000002,Northern Ireland,N92000002,Northern Ireland,Non-maintained mainstream,14
2017-2018,Academic year,National,S92000003,Scotland,S92000003,Scotland,Non-maintained mainstream,0
2017-2018,Academic year,National,S92000003,Scotland,S92000003,Scotland,Middle,0
2017-2018,Academic year,National,E92000001,England,E92000001,England,Middle,0
2017-2018,Academic year,National,N92000002,Northern Ireland,N92000002,Northern Ireland,Middle,0
2017-2018,Academic year,National,E92000001,England,E92000001,England,Non-maintained mainstream,2379
2017-2018,Academic year,National,E92000001,England,E92000001,England,Nursery,399
2017-2018,Academic year,National,E92000001,England,E92000001,England,Primary,16766
2017-2018,Academic year,National,E92000001,England,E92000001,England,Secondary,3436
2017-2018,Academic year,National,E92000001,England,E92000001,England,Special,1336
2017-2018,Academic year,National,N92000002,Northern Ireland,N92000002,Northern Ireland,Total maintained,1138
2017-2018,Academic year,National,N92000002,Northern Ireland,N92000002,Northern Ireland,Total,1153
2017-2018,Academic year,National,N92000002,Northern Ireland,N92000002,Northern Ireland,Special,39
2017-2018,Academic year,National,N92000002,Northern Ireland,N92000002,Northern Ireland,Secondary,199
2017-2018,Academic year,National,N92000002,Northern Ireland,N92000002,Northern Ireland,Primary,805
2017-2018,Academic year,National,N92000002,Northern Ireland,N92000002,Northern Ireland,Nursery,95
2017-2018,Academic year,Regional,E92000001,England,E12000004,East Midlands,Total maintained,2057
2017-2018,Academic year,Regional,E92000001,England,E12000002,North West,Total,3454
2017-2018,Academic year,Regional,E92000001,England,E12000006,East of England,Total maintained,2561
2017-2018,Academic year,Regional,E92000001,England,E12000006,East of England,Special,137
2017-2018,Academic year,Regional,E92000001,England,E12000005,West Midlands,Secondary,423
2017-2018,Academic year,Regional,E92000001,England,E12000005,West Midlands,Special,165
2017-2018,Academic year,Regional,E92000001,England,E12000007,London,Total maintained,2602
2017-2018,Academic year,Regional,E92000001,England,E12000005,West Midlands,Total,2635
2017-2018,Academic year,Regional,E92000001,England,E12000006,East of England,Non-maintained mainstream,239
2017-2018,Academic year,Regional,E92000001,England,E12000006,East of England,Nursery,39
2017-2018,Academic year,Regional,E92000001,England,E12000006,East of England,Primary,1995
2017-2018,Academic year,Regional,E92000001,England,E12000006,East of England,Secondary,390
2017-2018,Academic year,Regional,E92000001,England,E12000006,East of England,Total,2800
2017-2018,Academic year,Regional,E92000001,England,E12000005,West Midlands,Nursery,61
2017-2018,Academic year,Regional,E92000001,England,E12000007,London,Non-maintained mainstream,553
2017-2018,Academic year,Regional,E92000001,England,E12000007,London,Nursery,79
2017-2018,Academic year,Regional,E92000001,England,E12000007,London,Primary,1817
2017-2018,Academic year,Regional,E92000001,England,E12000007,London,Secondary,505
2017-2018,Academic year,Regional,E92000001,England,E12000007,London,Special,201
2017-2018,Academic year,Regional,E92000001,England,E12000007,London,Total,3155
2017-2018,Academic year,Regional,E92000001,England,E12000008,South East,Non-maintained mainstream,536
2017-2018,Academic year,Regional,E92000001,England,E12000008,South East,Nursery,42
2017-2018,Academic year,Regional,E92000001,England,E12000005,West Midlands,Primary,1768
2017-2018,Academic year,Regional,E92000001,England,E12000003,Yorkshire and The Humber,Special,116
2017-2018,Academic year,Regional,E92000001,England,E12000005,West Midlands,Non-maintained mainstream,218
2017-2018,Academic year,Regional,E92000001,England,E12000004,East Midlands,Non-maintained mainstream,157
2017-2018,Academic year,Regional,E92000001,England,E12000004,East Midlands,Special,100
2017-2018,Academic year,Regional,E92000001,England,E12000004,East Midlands,Secondary,291
2017-2018,Academic year,Regional,E92000001,England,E12000008,South East,Total maintained,3357
2017-2018,Academic year,Regional,E92000001,England,E12000009,South West,Total maintained,2358
2017-2018,Academic year,Regional,E92000001,England,E12000003,Yorkshire and The Humber,Nursery,27
2017-2018,Academic year,Regional,E92000001,England,E12000003,Yorkshire and The Humber,Primary,1775
2017-2018,Academic year,Regional,E92000001,England,E12000004,East Midlands,Primary,1634
2017-2018,Academic year,Regional,E92000001,England,E12000004,East Midlands,Nursery,32
2017-2018,Academic year,Regional,E92000001,England,E12000003,Yorkshire and The Humber,Secondary,323
2017-2018,Academic year,Regional,E92000001,England,E12000004,East Midlands,Total,2214
2017-2018,Academic year,Regional,E92000001,England,E12000003,Yorkshire and The Humber,Total,2389
2016-2017,Academic year,National,S92000003,Scotland,S92000003,Scotland,Non-maintained mainstream,0
2016-2017,Academic year,National,S92000003,Scotland,S92000003,Scotland,Middle,0
2016-2017,Academic year,National,E92000001,England,E92000001,England,Middle,0
2016-2017,Academic year,National,K02000001,United Kingdom,K02000001,United Kingdom,Non-maintained mainstream,2445
2016-2017,Academic year,National,K02000001,United Kingdom,K02000001,United Kingdom,Primary,20913
2016-2017,Academic year,National,K02000001,United Kingdom,K02000001,United Kingdom,Nursery,3022
2016-2017,Academic year,National,K02000001,United Kingdom,K02000001,United Kingdom,Middle,10
2016-2017,Academic year,National,N92000002,Northern Ireland,N92000002,Northern Ireland,Non-maintained mainstream,14
2016-2017,Academic year,National,N92000002,Northern Ireland,N92000002,Northern Ireland,Nursery,95
2016-2017,Academic year,National,N92000002,Northern Ireland,N92000002,Northern Ireland,Middle,0
2016-2017,Academic year,National,N92000002,Northern Ireland,N92000002,Northern Ireland,Total maintained,1144
2016-2017,Academic year,National,N92000002,Northern Ireland,N92000002,Northern Ireland,Total,1159
2016-2017,Academic year,National,N92000002,Northern Ireland,N92000002,Northern Ireland,Special,39
2016-2017,Academic year,National,N92000002,Northern Ireland,N92000002,Northern Ireland,Secondary,201
2016-2017,Academic year,National,N92000002,Northern Ireland,N92000002,Northern Ireland,Primary,809
2016-2017,Academic year,Regional,E92000001,England,E12000005,West Midlands,Secondary,419
2016-2017,Academic year,National,W92000004,Wales,W92000004,Wales,Total maintained,1547
2016-2017,Academic year,Regional,E92000001,England,E12000006,East of England,Primary,1993
2016-2017,Academic year,Regional,E92000001,England,E12000006,East of England,Non-maintained mainstream,234
2016-2017,Academic year,Regional,E92000001,England,E12000005,West Midlands,Total,2634
2016-2017,Academic year,Regional,E92000001,England,E12000005,West Midlands,Special,164
2016-2017,Academic year,Regional,E92000001,England,E12000005,West Midlands,Primary,1776
2016-2017,Academic year,Regional,E92000001,England,E12000005,West Midlands,Nursery,61
2016-2017,Academic year,Regional,E92000001,England,E12000005,West Midlands,Non-maintained mainstream,214
2016-2017,Academic year,Regional,E92000001,England,E12000004,East Midlands,Total,2214
2016-2017,Academic year,Regional,E92000001,England,E12000004,East Midlands,Special,98
2016-2017,Academic year,Regional,E92000001,England,E12000004,East Midlands,Secondary,291
2016-2017,Academic year,Regional,E92000001,England,E12000004,East Midlands,Primary,1635
2016-2017,Academic year,Regional,E92000001,England,E12000004,East Midlands,Nursery,33
2016-2017,Academic year,Regional,E92000001,England,E12000004,East Midlands,Non-maintained mainstream,157
2016-2017,Academic year,Regional,E92000001,England,E12000003,Yorkshire and The Humber,Total,2389
2016-2017,Academic year,Regional,E92000001,England,E12000003,Yorkshire and The Humber,Special,115
2016-2017,Academic year,Regional,E92000001,England,E12000003,Yorkshire and The Humber,Secondary,315
2016-2017,Academic year,Regional,E92000001,England,E12000003,Yorkshire and The Humber,Primary,1785
2016-2017,Academic year,Regional,E92000001,England,E12000003,Yorkshire and The Humber,Nursery,27
2016-2017,Academic year,Regional,E92000001,England,E12000003,Yorkshire and The Humber,Non-maintained mainstream,147
2016-2017,Academic year,National,W92000004,Wales,W92000004,Wales,Total,1617
2016-2017,Academic year,Regional,E92000001,England,E12000006,East of England,Nursery,39
2016-2017,Academic year,Regional,E92000001,England,E12000006,East of England,Secondary,392
2016-2017,Academic year,National,E92000001,England,E92000001,England,Total maintained,21920
2016-2017,Academic year,Regional,E92000001,England,E12000006,East of England,Special,135
2016-2017,Academic year,Regional,E92000001,England,E12000009,South West,Total,2567
2016-2017,Academic year,Regional,E92000001,England,E12000009,South West,Special,122
2016-2017,Academic year,Regional,E92000001,England,E12000009,South West,Secondary,342
2016-2017,Academic year,Regional,E92000001,England,E12000009,South West,Primary,1870
2016-2017,Academic year,Regional,E92000001,England,E12000009,South West,Nursery,18
2016-2017,Academic year,Regional,E92000001,England,E12000009,South West,Non-maintained mainstream,215
2016-2017,Academic year,Regional,E92000001,England,E12000008,South East,Total,3889
2016-2017,Academic year,Regional,E92000001,England,E12000008,South East,Special,205
2016-2017,Academic year,Regional,E92000001,England,E12000008,South East,Secondary,502
2016-2017,Academic year,Regional,E92000001,England,E12000008,South East,Primary,2598
2016-2017,Academic year,Regional,E92000001,England,E12000008,South East,Nursery,43
2016-2017,Academic year,Regional,E92000001,England,E12000008,South East,Non-maintained mainstream,541
2016-2017,Academic year,Regional,E92000001,England,E12000007,London,Total,3147
2016-2017,Academic year,Regional,E92000001,England,E12000007,London,Special,199
2016-2017,Academic year,Regional,E92000001,England,E12000007,London,Secondary,498
2016-2017,Academic year,Regional,E92000001,England,E12000007,London,Primary,1816
2016-2017,Academic year,Regional,E92000001,England,E12000007,London,Nursery,80
2016-2017,Academic year,Regional,E92000001,England,E12000007,London,Non-maintained mainstream,554
2016-2017,Academic year,Regional,E92000001,England,E12000006,East of England,Total,2793
2016-2017,Academic year,Regional,E92000001,England,E12000002,North West,Special,209
2016-2017,Academic year,Regional,E92000001,England,E12000002,North West,Total,3445
2016-2017,Academic year,Regional,E92000001,England,E12000001,North East,Total maintained,1157
2016-2017,Academic year,National,E92000001,England,E92000001,England,Total,24281
2016-2017,Academic year,National,E92000001,England,E92000001,England,Secondary,3408
2016-2017,Academic year,National,E92000001,England,E92000001,England,Nursery,402
2016-2017,Academic year,National,E92000001,England,E92000001,England,Non-maintained mainstream,2361
2016-2017,Academic year,National,S92000003,Scotland,S92000003,Scotland,Nursery,2514
2016-2017,Academic year,National,S92000003,Scotland,S92000003,Scotland,Primary,2031
2016-2017,Academic year,National,S92000003,Scotland,S92000003,Scotland,Secondary,359
2016-2017,Academic year,National,S92000003,Scotland,S92000003,Scotland,Special,141
2016-2017,Academic year,National,S92000003,Scotland,S92000003,Scotland,Total,5045
2016-2017,Academic year,National,S92000003,Scotland,S92000003,Scotland,Total maintained,5045
2016-2017,Academic year,National,K02000001,United Kingdom,K02000001,United Kingdom,Total maintained,29656
2016-2017,Academic year,National,K02000001,United Kingdom,K02000001,United Kingdom,Total,32102
2016-2017,Academic year,National,K02000001,United Kingdom,K02000001,United Kingdom,Special,1543
2016-2017,Academic year,National,K02000001,United Kingdom,K02000001,United Kingdom,Secondary,4168
2016-2017,Academic year,National,W92000004,Wales,W92000004,Wales,Middle,10
2016-2017,Academic year,National,W92000004,Wales,W92000004,Wales,Non-maintained mainstream,70
2016-2017,Academic year,National,W92000004,Wales,W92000004,Wales,Nursery,11
2016-2017,Academic year,National,W92000004,Wales,W92000004,Wales,Primary,1287
2016-2017,Academic year,National,W92000004,Wales,W92000004,Wales,Secondary,200
2016-2017,Academic year,National,W92000004,Wales,W92000004,Wales,Special,39
2016-2017,Academic year,National,E92000001,England,E92000001,England,Special,1324
2016-2017,Academic year,National,E92000001,England,E92000001,England,Primary,16786
2016-2017,Academic year,Regional,E92000001,England,E12000001,North East,Non-maintained mainstream,46
2016-2017,Academic year,Regional,E92000001,England,E12000002,North West,Secondary,463
2016-2017,Academic year,Regional,E92000001,England,E12000002,North West,Total maintained,3192
2016-2017,Academic year,Regional,E92000001,England,E12000003,Yorkshire and The Humber,Total maintained,2242
2016-2017,Academic year,Regional,E92000001,England,E12000004,East Midlands,Total maintained,2057
2016-2017,Academic year,Regional,E92000001,England,E12000005,West Midlands,Total maintained,2420
2016-2017,Academic year,Regional,E92000001,England,E12000006,East of England,Total maintained,2559
2016-2017,Academic year,Regional,E92000001,England,E12000001,North East,Nursery,33
2016-2017,Academic year,Regional,E92000001,England,E12000008,South East,Total maintained,3348
2016-2017,Academic year,Regional,E92000001,England,E12000009,South West,Total maintained,2352
2016-2017,Academic year,Regional,E92000001,England,E12000007,London,Total maintained,2593
2016-2017,Academic year,Regional,E92000001,England,E12000002,North West,Primary,2452
2016-2017,Academic year,Regional,E92000001,England,E12000002,North West,Nursery,68
2016-2017,Academic year,Regional,E92000001,England,E12000002,North West,Non-maintained mainstream,253
2016-2017,Academic year,Regional,E92000001,England,E12000001,North East,Total,1203
2016-2017,Academic year,Regional,E92000001,England,E12000001,North East,Special,77
2016-2017,Academic year,Regional,E92000001,England,E12000001,North East,Secondary,186
2016-2017,Academic year,Regional,E92000001,England,E12000001,North East,Primary,861
2015-2016,Academic year,National,K02000001,United Kingdom,K02000001,United Kingdom,Special,1548
2015-2016,Academic year,National,K02000001,United Kingdom,K02000001,United Kingdom,Total maintained,29672
2015-2016,Academic year,National,K02000001,United Kingdom,K02000001,United Kingdom,Total,32130
2015-2016,Academic year,National,K02000001,United Kingdom,K02000001,United Kingdom,Nursery,3007
2015-2016,Academic year,National,S92000003,Scotland,S92000003,Scotland,Non-maintained mainstream,0
2015-2016,Academic year,National,S92000003,Scotland,S92000003,Scotland,Middle,0
2015-2016,Academic year,National,E92000001,England,E92000001,England,Middle,0
2015-2016,Academic year,National,K02000001,United Kingdom,K02000001,United Kingdom,Secondary,4169
2015-2016,Academic year,National,K02000001,United Kingdom,K02000001,United Kingdom,Primary,20941
2015-2016,Academic year,National,E92000001,England,E92000001,England,Non-maintained mainstream,2377
2015-2016,Academic year,National,K02000001,United Kingdom,K02000001,United Kingdom,Non-maintained mainstream,2457
2015-2016,Academic year,Regional,E92000001,England,E12000005,West Midlands,Special,164
2015-2016,Academic year,Regional,E92000001,England,E12000004,East Midlands,Nursery,31
2015-2016,Academic year,Regional,E92000001,England,E12000004,East Midlands,Primary,1634
2015-2016,Academic year,Regional,E92000001,England,E12000004,East Midlands,Secondary,293
2015-2016,Academic year,Regional,E92000001,England,E12000004,East Midlands,Special,98
2015-2016,Academic year,Regional,E92000001,England,E12000004,East Midlands,Total,2213
2015-2016,Academic year,Regional,E92000001,England,E12000005,West Midlands,Non-maintained mainstream,210
2015-2016,Academic year,Regional,E92000001,England,E12000005,West Midlands,Nursery,61
2015-2016,Academic year,Regional,E92000001,England,E12000005,West Midlands,Primary,1776
2015-2016,Academic year,Regional,E92000001,England,E12000005,West Midlands,Secondary,418
2015-2016,Academic year,Regional,E92000001,England,E12000005,West Midlands,Total,2629
2015-2016,Academic year,Regional,E92000001,England,E12000007,London,Special,198
2015-2016,Academic year,Regional,E92000001,England,E12000006,East of England,Non-maintained mainstream,236
2015-2016,Academic year,Regional,E92000001,England,E12000006,East of England,Nursery,41
2015-2016,Academic year,Regional,E92000001,England,E12000006,East of England,Primary,1991
2015-2016,Academic year,Regional,E92000001,England,E12000006,East of England,Secondary,399
2015-2016,Academic year,Regional,E92000001,England,E12000006,East of England,Special,135
2015-2016,Academic year,Regional,E92000001,England,E12000006,East of England,Total,2802
2015-2016,Academic year,Regional,E92000001,England,E12000007,London,Non-maintained mainstream,557
2015-2016,Academic year,Regional,E92000001,England,E12000007,London,Nursery,80
2015-2016,Academic year,Regional,E92000001,England,E12000007,London,Primary,1813
2015-2016,Academic year,Regional,E92000001,England,E12000004,East Midlands,Non-maintained mainstream,157
2015-2016,Academic year,Regional,E92000001,England,E12000003,Yorkshire and The Humber,Total,2393
2015-2016,Academic year,Regional,E92000001,England,E12000003,Yorkshire and The Humber,Special,119
2015-2016,Academic year,Regional,E92000001,England,E12000003,Yorkshire and The Humber,Secondary,313
2015-2016,Academic year,National,E92000001,England,E92000001,England,Primary,16778
2015-2016,Academic year,National,E92000001,England,E92000001,England,Secondary,3401
2015-2016,Academic year,National,E92000001,England,E92000001,England,Special,1326
2015-2016,Academic year,National,E92000001,England,E92000001,England,Total,24288
2015-2016,Academic year,Regional,E92000001,England,E12000001,North East,Non-maintained mainstream,45
2015-2016,Academic year,Regional,E92000001,England,E12000001,North East,Nursery,34
2015-2016,Academic year,Regional,E92000001,England,E12000001,North East,Primary,865
2015-2016,Academic year,Regional,E92000001,England,E12000001,North East,Secondary,185
2015-2016,Academic year,Regional,E92000001,England,E12000001,North East,Special,76
2015-2016,Academic year,Regional,E92000001,England,E12000001,North East,Total,1205
2015-2016,Academic year,Regional,E92000001,England,E12000002,North West,Non-maintained mainstream,253
2015-2016,Academic year,Regional,E92000001,England,E12000002,North West,Nursery,70
2015-2016,Academic year,Regional,E92000001,England,E12000002,North West,Primary,2447
2015-2016,Academic year,Regional,E92000001,England,E12000002,North West,Secondary,461
2015-2016,Academic year,Regional,E92000001,England,E12000002,North West,Special,208
2015-2016,Academic year,Regional,E92000001,England,E12000002,North West,Total,3439
2015-2016,Academic year,Regional,E92000001,England,E12000003,Yorkshire and The Humber,Non-maintained mainstream,146
2015-2016,Academic year,Regional,E92000001,England,E12000003,Yorkshire and The Humber,Nursery,28
2015-2016,Academic year,Regional,E92000001,England,E12000003,Yorkshire and The Humber,Primary,1787
2015-2016,Academic year,Regional,E92000001,England,E12000007,London,Secondary,484
2015-2016,Academic year,Regional,E92000001,England,E12000007,London,Total,3132
2015-2016,Academic year,National,K02000001,United Kingdom,K02000001,United Kingdom,Middle,7
2015-2016,Academic year,National,W92000004,Wales,W92000004,Wales,Secondary,205
2015-2016,Academic year,National,S92000003,Scotland,S92000003,Scotland,Primary,2039
2015-2016,Academic year,National,S92000003,Scotland,S92000003,Scotland,Secondary,361
2015-2016,Academic year,National,S92000003,Scotland,S92000003,Scotland,Special,144
2015-2016,Academic year,National,S92000003,Scotland,S92000003,Scotland,Total,5036
2015-2016,Academic year,National,S92000003,Scotland,S92000003,Scotland,Total maintained,5036
2015-2016,Academic year,National,W92000004,Wales,W92000004,Wales,Middle,7
2015-2016,Academic year,National,W92000004,Wales,W92000004,Wales,Non-maintained mainstream,66
2015-2016,Academic year,National,W92000004,Wales,W92000004,Wales,Nursery,13
2015-2016,Academic year,National,W92000004,Wales,W92000004,Wales,Primary,1310
2015-2016,Academic year,National,W92000004,Wales,W92000004,Wales,Special,39
2015-2016,Academic year,Regional,E92000001,England,E12000008,South East,Non-maintained mainstream,553
2015-2016,Academic year,National,W92000004,Wales,W92000004,Wales,Total,1640
2015-2016,Academic year,National,W92000004,Wales,W92000004,Wales,Total maintained,1574
2015-2016,Academic year,National,N92000002,Northern Ireland,N92000002,Northern Ireland,Non-maintained mainstream,14
2015-2016,Academic year,National,N92000002,Northern Ireland,N92000002,Northern Ireland,Nursery,96
2015-2016,Academic year,National,N92000002,Northern Ireland,N92000002,Northern Ireland,Primary,814
2015-2016,Academic year,National,N92000002,Northern Ireland,N92000002,Northern Ireland,Secondary,202
2015-2016,Academic year,National,N92000002,Northern Ireland,N92000002,Northern Ireland,Special,39
2015-2016,Academic year,National,N92000002,Northern Ireland,N92000002,Northern Ireland,Total,1166
2015-2016,Academic year,National,N92000002,Northern Ireland,N92000002,Northern Ireland,Total maintained,1151
2015-2016,Academic year,National,S92000003,Scotland,S92000003,Scotland,Nursery,2492
2015-2016,Academic year,Regional,E92000001,England,E12000009,South West,Total maintained,2348
2015-2016,Academic year,Regional,E92000001,England,E12000008,South East,Total maintained,3354
2015-2016,Academic year,Regional,E92000001,England,E12000007,London,Total maintained,2575
2015-2016,Academic year,Regional,E92000001,England,E12000008,South East,Nursery,43
2015-2016,Academic year,Regional,E92000001,England,E12000008,South East,Primary,2600
2015-2016,Academic year,Regional,E92000001,England,E12000008,South East,Secondary,503
2015-2016,Academic year,Regional,E92000001,England,E12000008,South East,Special,208
2015-2016,Academic year,Regional,E92000001,England,E12000008,South East,Total,3907
2015-2016,Academic year,Regional,E92000001,England,E12000009,South West,Non-maintained mainstream,220
2015-2016,Academic year,Regional,E92000001,England,E12000009,South West,Nursery,18
2015-2016,Academic year,Regional,E92000001,England,E12000009,South West,Primary,1865
2015-2016,Academic year,Regional,E92000001,England,E12000009,South West,Secondary,345
2015-2016,Academic year,Regional,E92000001,England,E12000009,South West,Special,120
2015-2016,Academic year,Regional,E92000001,England,E12000009,South West,Total,2568
2015-2016,Academic year,National,E92000001,England,E92000001,England,Nursery,406
2015-2016,Academic year,National,E92000001,England,E92000001,England,Total maintained,21911
2015-2016,Academic year,Regional,E92000001,England,E12000001,North East,Total maintained,1160
2015-2016,Academic year,Regional,E92000001,England,E12000002,North West,Total maintained,3186
2015-2016,Academic year,Regional,E92000001,England,E12000003,Yorkshire and The Humber,Total maintained,2247
2015-2016,Academic year,Regional,E92000001,England,E12000004,East Midlands,Total maintained,2056
2015-2016,Academic year,Regional,E92000001,England,E12000005,West Midlands,Total maintained,2419
2015-2016,Academic year,Regional,E92000001,England,E12000006,East of England,Total maintained,2566
2015-2016,Academic year,National,N92000002,Northern Ireland,N92000002,Northern Ireland,Middle,0
